INSERT INTO USER_ENTITY(ID, MAIL, PASSWORD, USER) VALUES (100, 'peperez@gmail.com', 'asdfTER12', 'peperez.hola');
INSERT INTO USER_ENTITY(ID, MAIL, PASSWORD, USER) VALUES (101, 'carlos@gmail.com', 'aatsattsa2', 'carlo.mag');
INSERT INTO USER_ENTITY(ID, MAIL, PASSWORD, USER) VALUES (102, 'star@gmail.com', 'aststa', 'star.hola');
INSERT INTO USER_ENTITY(ID, MAIL, PASSWORD, USER) VALUES (103, 'rodrigo@gmail.com', 'tartarstarst', 'rodrigo.c');
INSERT INTO USER_ENTITY(ID, MAIL, PASSWORD, USER) VALUES (104, 'luca@gmail.com', 'nioneionio', 'luca.rio');
INSERT INTO USER_ENTITY(ID, MAIL, PASSWORD, USER) VALUES (105, 'no@gmail.com', 'aatsattsa2', 'no.no.no');
INSERT INTO USER_ENTITY(ID, MAIL, PASSWORD, USER) VALUES (106, 'lucy@gmail.com', 'aststa', 'lucy.warrio');
INSERT INTO USER_ENTITY(ID, MAIL, PASSWORD, USER) VALUES (107, 'jose@gmail.com', 'tartarstarst', 'jose.j.j');
INSERT INTO USER_ENTITY(ID, MAIL, PASSWORD, USER) VALUES (108, 'elmaster@gmail.com', 'nioneionio', 'master3000');
INSERT INTO USER_ENTITY(ID, MAIL, PASSWORD, USER) VALUES (109, 'prt@gmail.com', 'ddd', 'prt.777');

INSERT INTO CLIENT_ENTITY (ID) VALUES (100);

INSERT INTO MULTIMEDIA_ENTITY(ID, FILE_NAME, MEDIA_TYPE, EXTENSION) VALUES (101, 'https://i.pinimg.com/236x/83/68/00/8368004234dc30d725d8c3c4149876d2.jpg', 0, 'jpg');
INSERT INTO MULTIMEDIA_ENTITY(ID, FILE_NAME, MEDIA_TYPE, EXTENSION) VALUES (102, 'https://upload.wikimedia.org/wikipedia/commons/thumb/f/f6/Everest_kalapatthar.jpg/275px-Everest_kalapatthar.jpg', 0, 'jpg');
INSERT INTO MULTIMEDIA_ENTITY(ID, FILE_NAME, MEDIA_TYPE, EXTENSION) VALUES (103, 'https://upload.wikimedia.org/wikipedia/commons/6/6e/Pantanal%2C_south-central_South_America_5170.jpg', 0, 'jpg');
INSERT INTO MULTIMEDIA_ENTITY(ID, FILE_NAME, MEDIA_TYPE, EXTENSION) VALUES (104, 'https://concepto.de/wp-content/uploads/2018/09/desierto2-e1537800205712.jpg', 0, 'jpg');

INSERT INTO ITINERARY_ENTITY(ID, LODGING, TRANSPORTATION) VALUES (100, 'Equipaje, estadia con desayuno', 'Viaje por autobus');

INSERT INTO COMPLEMENTARY_INFORMATION_ENTITY(ID,DESCRIPTION,RECOMMENDATION,HOME_IMAGE_ID) VALUES (100,'Venezuela','Llevar comida',102);
INSERT INTO COMPLEMENTARY_INFORMATION_ENTITY(ID,DESCRIPTION,RECOMMENDATION,HOME_IMAGE_ID) VALUES (101,'El terreno es muy pantanoso si se va en epoca de lluvias','Llevar botas',103);
INSERT INTO COMPLEMENTARY_INFORMATION_ENTITY(ID,DESCRIPTION,RECOMMENDATION,HOME_IMAGE_ID) VALUES (102,'Hace mucho calor por la tarde','Llevar buena Hidratación',104);
INSERT INTO COMPLEMENTARY_INFORMATION_ENTITY(ID,DESCRIPTION,RECOMMENDATION,HOME_IMAGE_ID) VALUES (103,'Los paisajes son muy altos','No ir si le tiene miedo a las alturas',102);
INSERT INTO COMPLEMENTARY_INFORMATION_ENTITY(ID,DESCRIPTION,RECOMMENDATION,HOME_IMAGE_ID) VALUES (104,'Salir apasear con los perros','Llevar comida',101);

INSERT INTO OUTING_ENTITY(ID,DATE, NAME,PARTICIPATION_COST,PLACE,COMPLEMENTARY_INFORMATION_ID,ITINERARY_ID) VALUES (100,'2011-09-10', 'Conoce la magia del Parque Tayrona', 500000, 'Parque Natural Tayrona',101, 100);
INSERT INTO OUTING_ENTITY(ID,DATE, NAME,PARTICIPATION_COST,PLACE,COMPLEMENTARY_INFORMATION_ID,ITINERARY_ID) VALUES (101,'2011-09-10', 'Conoce la montaña nevada', 1500000, 'Parque natural el everst',103, 100);
INSERT INTO OUTING_ENTITY(ID,DATE, NAME,PARTICIPATION_COST,PLACE,COMPLEMENTARY_INFORMATION_ID,ITINERARY_ID) VALUES (102,'2011-09-10', 'Conoce la Guajira', 50000, 'Desierto de la Guiajira',102, 100);
INSERT INTO OUTING_ENTITY(ID,DATE, NAME,PARTICIPATION_COST,PLACE,COMPLEMENTARY_INFORMATION_ID,ITINERARY_ID) VALUES (103,'2011-09-10', 'Conoce el embalce del Neusa', 500000, 'Parque Natural el neusa',104, 100);

INSERT INTO QUOTATION_ENTITY (ID, PARTICIPANTS,STATUS,TOTAL_COST) VALUES (100, 1, 1, 500000);

INSERT INTO INSURANCE_ENTITY (ID,CONDITIONS,FEATURES,NAME,PRICE) VALUES (100, 'Solo para personas naturales', 'Seguro para COVID-19 y viajes mayores a una semana', 'COVID seguro', 40000);

INSERT INTO MULTIMEDIA_ENTITY(ID, FILE_NAME, MEDIA_TYPE, EXTENSION) VALUES (100, 'grabacion_salida', 0, 'mp4');

INSERT INTO PERSON_ENTITY(ID, NAME, ID_TYPE, ID_NUMBER, ADDRESS) VALUES (100, 'Pepe', 'CC', '100212122', 'Calle 13');
INSERT INTO PERSON_ENTITY(ID, NAME, ID_TYPE, ID_NUMBER, ADDRESS) VALUES (101, 'Carlos', 'CC', '10033222', 'Calle 15');
INSERT INTO PERSON_ENTITY(ID, NAME, ID_TYPE, ID_NUMBER, ADDRESS) VALUES (102, 'Felipe', 'CC', '232323', 'Carrera 13');
INSERT INTO PERSON_ENTITY(ID, NAME, ID_TYPE, ID_NUMBER, ADDRESS) VALUES (103, 'Rodrigo', 'TI', '23331', 'Sur 3A');
INSERT INTO PERSON_ENTITY(ID, NAME, ID_TYPE, ID_NUMBER, ADDRESS) VALUES (104, 'Rigoberto', 'CC', '1112212', 'Edificio 1');
INSERT INTO PERSON_ENTITY(ID, NAME, ID_TYPE, ID_NUMBER, ADDRESS) VALUES (105, 'Camilo', 'CC', '10012122', 'Universidad N');
INSERT INTO PERSON_ENTITY(ID, NAME, ID_TYPE, ID_NUMBER, ADDRESS) VALUES (106, 'Ferney', 'TI', '10122022', 'Calle 1');
INSERT INTO PERSON_ENTITY(ID, NAME, ID_TYPE, ID_NUMBER, ADDRESS) VALUES (107, 'Nacho', 'CC', '100343422', 'Circunvalar 5');
INSERT INTO PERSON_ENTITY(ID, NAME, ID_TYPE, ID_NUMBER, ADDRESS) VALUES (108, 'Cesár', 'CC', '100212122', 'Boyaca');

INSERT INTO NATURAL_PERSON_ENTITY (ID, PERSON_ID) VALUES (100, 100);
INSERT INTO NATURAL_PERSON_ENTITY (ID, PERSON_ID) VALUES (101, 101);
INSERT INTO NATURAL_PERSON_ENTITY (ID, PERSON_ID) VALUES (102, 102);
INSERT INTO NATURAL_PERSON_ENTITY (ID, PERSON_ID) VALUES (103, 103);
INSERT INTO NATURAL_PERSON_ENTITY (ID, PERSON_ID) VALUES (104, 104);
INSERT INTO NATURAL_PERSON_ENTITY (ID, PERSON_ID) VALUES (105, 105);
INSERT INTO NATURAL_PERSON_ENTITY (ID, PERSON_ID) VALUES (106, 106);

INSERT INTO ENTERPRISE_ENTITY(ID) VALUES (100);

INSERT INTO TRANSACTION_ENTITY(ID, CREATION_DATE, PAYMENT, VALUE, CLIENT_ID) VALUES (7, '2011-09-10',1, 250, 100);

INSERT INTO BLOG_ENTITY(ID) VALUES (2);

INSERT INTO COMMENT_ENTITY(ID, TEXT, LIKES, DISLIKES, USERID, USER_TYPE, USERNAME, DATE) VALUES (12, 'melo', 3, 1, 32, 'ADMIN', 'pepe', '2012-04-11');
INSERT INTO POST_ENTITY(ID, RATINGS, TITLE, BLOG_ID, COMMENT_ID) VALUES (5, 10, 'Parque Tayrona', 2, 12);
INSERT INTO POST_ENTITY(ID, RATINGS, TITLE, BLOG_ID, COMMENT_ID) VALUES (6, 8, 'El Valle de Cocora', 2, 12);
INSERT INTO POST_ENTITY(ID, RATINGS, TITLE, BLOG_ID, COMMENT_ID) VALUES (7, 9, 'Parque Nacional de Puracé', 2, 12);
INSERT INTO POST_ENTITY(ID, RATINGS, TITLE, BLOG_ID, COMMENT_ID) VALUES (8, 9, 'La ruta de la Ciudad Perdida', 2, 12);

INSERT INTO ENTERPRISE_ENTITY(ID, MAIL, PASSWORD, USER, BLOG_ID, REPRESENTATIVE_ID) VALUES (10, 'pepe@gmail.com', 'pepe_pass', 'pepe123', 2, 100);
INSERT INTO ENTERPRISE_ENTITY(ID, MAIL, PASSWORD, USER, REPRESENTATIVE_ID) VALUES (11, 'danielm@gmail.com', 'edeigh6ooG', 'daniel.moreno', 101);
INSERT INTO ENTERPRISE_ENTITY(ID, MAIL, PASSWORD, USER, REPRESENTATIVE_ID) VALUES (12, 'omars@gmail.com', '5235235', 'omar.sanchez', 102);
INSERT INTO ENTERPRISE_ENTITY(ID, MAIL, PASSWORD, USER, REPRESENTATIVE_ID) VALUES (13, 'abel24@gmail.com', 'Ta3ad5vieV9', 'abel.gomez', 103);

INSERT INTO ADMIN_ENTITY(ID,USER,PASSWORD,MAIL) VALUES (32, 'pepe','33', 'prt@gmail.com');

INSERT INTO COMMENT_ENTITY(ID, TEXT, LIKES, DISLIKES, COMMENT_ID, USERNAME) VALUES (13, 'deacuerdo', 3, 1, 12, 'pedrito');

INSERT INTO REVIEW_ENTITY(ID,SCORE,COMMENT_ID) VALUES (45, 5, 12);

INSERT INTO ROUTE_ENTITY(ID, DIFFICULTY, ESTIMATED_DURATION) VALUES (1,1,100);

INSERT INTO LOCATION_ENTITY(ID,  LATITUDE, LONGITUDE, MAP_ID) VALUES (1, 500, 500.0, 1);

INSERT INTO LOCATION_ENTITY(ID, LATITUDE, LONGITUDE, MAP_ID) VALUES (2, 550.0, 520.0, 1);

INSERT INTO ACTIVITY_ENTITY(ID,DESCRIPTION,MINUTES,NAME,TIME,OUTING_ID) VALUES (100,'Los integrantes de la salida saltaran a la soga, el que más saltos haga ganará un chocoramo',30,'Saltar la soga','2011-09-10',100);
INSERT INTO ACTIVITY_ENTITY(ID,DESCRIPTION,MINUTES,NAME,TIME,OUTING_ID) VALUES (101,'Se esquiara sobre la montaña peligrosa',120,'Escalar','2011-09-10',100);
INSERT INTO ACTIVITY_ENTITY(ID,DESCRIPTION,MINUTES,NAME,TIME,OUTING_ID) VALUES (102,'Se mirará el atarder con un sol bonito',30,'Mirar el atardecer','2011-09-10',100);
INSERT INTO ACTIVITY_ENTITY(ID,DESCRIPTION,MINUTES,NAME,TIME,OUTING_ID) VALUES (104,'Se comerá el plato típico de la región',45,'Comer Plato típico','2011-09-10',100);

INSERT INTO GUIDE_ENTITY(ID,AGE,NAME,POINTS,REVIEWS) VALUES (100,26,'Pedro',10,2);
INSERT INTO GUIDE_ENTITY(ID,AGE,NAME,POINTS,REVIEWS) VALUES (101,27,'Juan',14,3);
INSERT INTO GUIDE_ENTITY(ID,AGE,NAME,POINTS,REVIEWS) VALUES (102,28,'Cesar',16,4);
INSERT INTO GUIDE_ENTITY(ID,AGE,NAME,POINTS,REVIEWS) VALUES (103,29,'Ana',25,5);
INSERT INTO GUIDE_ENTITY(ID,AGE,NAME,POINTS,REVIEWS) VALUES (104,23,'Lucas',6,2);

COMMIT;
